Product ID,Predicted Sales
month,325.00788643533105
month,322.92586750788627
month,320.8438485804415
